U1,U2,U3
-1.54279317546155e-39,5.55811022889795e-40,7.9465527462139e-36
-1.5248131148658e-39,1.42258418799791e-39,-7.93186695894157e-36
-1.40317609975682e-07,-0.0734161511063576,0.0225896611809731
6.33882848433132e-08,-0.073416143655777,-0.0225895121693611
-2.48989749707107e-07,-0.293657720088959,0.0451771765947342
1.67754933499964e-07,-0.293657720088959,-0.0451769158244133
-3.44934903750982e-07,-0.660704016685486,0.0677604675292969
2.53582498999094e-07,-0.660704016685486,-0.0677600875496864
-4.33624336437788e-07,-1.17452347278595,0.090338259935379
3.51407379639568e-07,-1.17452347278595,-0.0903377458453178
-5.19854381764162e-07,-1.83507394790649,0.112908646464348
4.32457909482764e-07,-1.83507394790649,-0.112908005714417
-5.9871081248275e-07,-2.64230298995972,0.135470181703568
5.20365063039208e-07,-2.64230298995972,-0.135469406843185
-6.78854064517509e-07,-3.59614682197571,0.158021077513695
5.95136782521877e-07,-3.59614682197571,-0.158020168542862
-7.50941865135246e-07,-4.69653129577637,0.180559754371643
6.74904299557966e-07,-4.69653129577637,-0.180558726191521
-8.25469612664165e-07,-5.94337177276611,0.203084453940392
7.45112458844233e-07,-5.94337177276611,-0.203083291649818
-8.92452533207688e-07,-7.33657121658325,0.225593537092209
8.18671423985506e-07,-7.33657121658325,-0.225592225790024
-9.6234907687176e-07,-8.87602233886719,0.248085215687752
8.85387294147222e-07,-8.87602233886719,-0.248083770275116
-1.02550939118373e-06,-10.5616073608398,0.270557790994644
9.54241727413319e-07,-10.5616073608398,-0.270556211471558
-1.09182019514265e-06,-12.3931951522827,0.293009430170059
1.01831642496109e-06,-12.3931951522827,-0.293007731437683
-1.15218847440701e-06,-14.3706455230713,0.315438389778137
1.08367692064348e-06,-14.3706455230713,-0.315436571836472
-1.21584844237077e-06,-16.493803024292,0.33784282207489
1.145884084508e-06,-16.493803024292,-0.337840855121613
-1.27426130802633e-06,-18.7625026702881,0.360220819711685
1.20873664855026e-06,-18.7625026702881,-0.360218733549118
-1.33608909891336e-06,-21.1765689849854,0.382570534944534
1.26977170111786e-06,-21.1765689849854,-0.382568299770355
-1.39323935854918e-06,-23.7358074188232,0.404890030622482
1.33093249132799e-06,-23.7358074188232,-0.404887646436691
-1.45394471928739e-06,-26.4400177001953,0.427177280187607
1.39140558985673e-06,-26.4400177001953,-0.427174746990204
-1.51040921991807e-06,-29.2889842987061,0.449430286884308
1.45155343034276e-06,-29.2889842987061,-0.449427634477615
-1.57060458150227e-06,-32.2824783325195,0.471646964550018
1.51199742504105e-06,-32.2824783325195,-0.471644192934036
-1.62685898885684e-06,-35.4202537536621,0.493825256824493
1.57169347403396e-06,-35.4202537536621,-0.493822336196899
-1.68707833836379e-06,-38.7020530700684,0.515962898731232
1.63257936947048e-06,-38.7020530700684,-0.515959858894348
-1.74349793269357e-06,-42.127613067627,0.538057744503021
1.6922703025557e-06,-42.127613067627,-0.538054585456848
-1.80418032869056e-06,-45.6966400146484,0.560107529163361
1.7539858845339e-06,-45.6966400146484,-0.560104191303253
-1.86106831279176e-06,-49.4088325500488,0.582109868526459
1.81403493115795e-06,-49.4088325500488,-0.582106351852417
-1.92256516129419e-06,-53.2638816833496,0.60406231880188
1.87689238373423e-06,-53.2638816833496,-0.604058742523193
-1.98013844965317e-06,-57.2614517211914,0.625962495803833
1.93756659427891e-06,-57.2614517211914,-0.625958740711212
-2.04274670068116e-06,-61.4011917114258,0.647807836532593
2.00183376364294e-06,-61.4011917114258,-0.647803962230682
-2.10114308174525e-06,-65.6827392578125,0.669595718383789
2.06331583285646e-06,-65.6827392578125,-0.669591665267944
-2.16505668504396e-06,-70.105712890625,0.691323399543762
2.12916279451747e-06,-70.105712890625,-0.691319227218628
-2.22432277041662e-06,-74.6697158813477,0.712988197803497
2.19153571379138e-06,-74.6697158813477,-0.712983906269073
-2.28966950999165e-06,-79.3743209838867,0.734587252140045
2.25907751882914e-06,-79.3743209838867,-0.734582781791687
-2.34972708312853e-06,-84.2190933227539,0.756117582321167
2.32229626817571e-06,-84.2190933227539,-0.756112992763519
-2.41655266108864e-06,-89.2035827636719,0.777576148509979
2.39156497627846e-06,-89.2035827636719,-0.777571439743042
-2.47730349656194e-06,-94.3273086547852,0.798959851264954
2.45556043410033e-06,-94.3273086547852,-0.798954963684082
-2.545586994529e-06,-99.5897750854492,0.820265471935272
2.52653171628481e-06,-99.5897750854492,-0.820260405540466
-2.60673641605536e-06,-104.990463256836,0.841489613056183
2.59103831012908e-06,-104.990463256836,-0.841484487056732
-2.67630093730986e-06,-110.528831481934,0.862628936767578
2.66353140432329e-06,-110.528831481934,-0.862623631954193
-2.73751948043355e-06,-116.204322814941,0.883679807186127
2.72824104285974e-06,-116.204322814941,-0.883674323558807
-2.80811991615337e-06,-122.016334533691,0.904638528823853
2.80201584246242e-06,-122.016334533691,-0.904632925987244
-2.86884778688545e-06,-127.96427154541,0.92550140619278
2.86639237856434e-06,-127.96427154541,-0.925495684146881
-2.94015217150445e-06,-134.047500610352,0.946264445781708
2.94112055598816e-06,-134.047500610352,-0.946258544921875
-2.99974499284872e-06,-140.265335083008,0.966923594474792
3.00454189527954e-06,-140.265335083008,-0.96691757440567
-3.07124150822347e-06,-146.617111206055,0.987474679946899
3.07972004520707e-06,-146.617111206055,-0.987468481063843
-3.12882093567168e-06,-153.102096557617,1.00791335105896
3.14132898893149e-06,-153.102096557617,-1.00790703296661
-3.19985815622204e-06,-159.71955871582,1.02823507785797
3.21631682709267e-06,-159.71955871582,-1.02822864055634
-3.25434575643158e-06,-166.468719482422,1.04843533039093
3.27505563291197e-06,-166.468719482422,-1.04842865467072
-3.32411605086236e-06,-173.348770141602,1.06850922107697
3.3490578061901e-06,-173.348770141602,-1.06850242614746
-3.3741537208698e-06,-180.358871459961,1.08845174312592
3.40359110850841e-06,-180.358871459961,-1.08844470977783
-3.44158638654335e-06,-187.498153686523,1.10825777053833
3.47555260304944e-06,-187.498153686523,-1.10825061798096
-3.48555909113202e-06,-194.765716552734,1.12792193889618
3.52428446603881e-06,-194.765716552734,-1.12791466712952
-3.54940334545972e-06,-202.160614013672,1.14743876457214
3.5929722344008e-06,-202.160614013672,-1.14743137359619
-3.5853372537531e-06,-209.681869506836,1.16680252552032
3.63395110980491e-06,-209.681869506836,-1.16679501533508
-3.64402012564824e-06,-217.328475952148,1.18600738048553
3.69781378140033e-06,-217.328475952148,-1.18599963188171
-3.66951599062304e-06,-225.099380493164,1.20504701137543
3.72866520592652e-06,-225.099380493164,-1.20503914356232
-3.72119006897265e-06,-232.99348449707,1.22391521930695
3.78587537852582e-06,-232.99348449707,-1.22390723228455
-3.73340208170703e-06,-241.009643554688,1.24260532855988
3.80377650799346e-06,-241.009643554688,-1.2425971031189
-3.77580863641924e-06,-249.146697998047,1.26111054420471
3.85209932574071e-06,-249.146697998047,-1.26110219955444
-3.77135347662261e-06,-257.403411865234,1.27942383289337
3.85369230571087e-06,-257.403411865234,-1.27941524982452
-3.80181472792174e-06,-265.778503417969,1.2975378036499
3.89048091165023e-06,-265.778503417969,-1.29752910137177
-3.77657374883711e-06,-274.270660400391,1.31544482707977
3.87167119697551e-06,-274.270660400391,-1.31543600559235
-3.79198172595352e-06,-282.878540039063,1.33313715457916
3.89384376831003e-06,-282.878540039063,-1.33312809467316
-3.7411855373648e-06,-291.600677490234,1.35060656070709
3.84988970836275e-06,-291.600677490234,-1.3505973815918
-3.73779062101676e-06,-300.435607910156,1.367844581604
3.85373277822509e-06,-300.435607910156,-1.36783528327942
-3.65568757842993e-06,-309.381805419922,1.38484251499176
3.77891115022067e-06,-309.381805419922,-1.3848329782486
-3.62909872819728e-06,-318.437683105469,1.40159130096436
3.76006846636301e-06,-318.437683105469,-1.40158152580261
-3.50887603417505e-06,-327.601593017578,1.41808140277863
3.64759648618929e-06,-327.601593017578,-1.41807150840759
-3.45390412803681e-06,-336.871826171875,1.43430304527283
3.60091962647857e-06,-336.871826171875,-1.4342930316925
-3.28761984746961e-06,-346.246551513672,1.45024621486664
3.4428840081091e-06,-346.246551513672,-1.45023596286774
-3.19830951411859e-06,-355.723999023438,1.46590042114258
3.36246466758894e-06,-355.723999023438,-1.46589004993439
-2.97640303870139e-06,-365.302215576172,1.4812548160553
3.14933936351736e-06,-365.302215576172,-1.48124420642853
-2.84571319753013e-06,-374.979248046875,1.496297955513
3.0281826184364e-06,-374.979248046875,-1.49628722667694
-2.55700933848857e-06,-384.752990722656,1.51101839542389
2.74882359008188e-06,-384.752990722656,-1.51100742816925
-2.37675999414932e-06,-394.621307373047,1.52540385723114
2.57880810750066e-06,-394.621307373047,-1.52539265155792
-2.00798376681632e-06,-404.58203125,1.53944170475006
2.21997311200539e-06,-404.58203125,-1.53943037986755
-1.76872049451049e-06,-414.6328125,1.55311906337738
1.99170563064399e-06,-414.6328125,-1.55310750007629
-1.30411547161202e-06,-424.771301269531,1.5664222240448
1.53768576183211e-06,-424.771301269531,-1.56641054153442
-9.94680704025086e-07,-434.994964599609,1.57933735847473
1.2400644209265e-06,-434.994964599609,-1.57932543754578
-4.15726930214078e-07,-445.301300048828,1.59184992313385
6.72361181841552e-07,-445.301300048828,-1.59183776378632
-2.32803927247005e-08,-455.687591552734,1.60394477844238
2.92624804387742e-07,-455.687591552734,-1.60393238067627
6.92362675636105e-07,-466.151092529297,1.6156063079834
-4.11049086324056e-07,-466.151092529297,-1.615593791008
1.18287402983697e-06,-476.688934326172,1.62681829929352
-8.87878854882729e-07,-476.688934326172,-1.62680554389954
2.06174127015402e-06,-487.298126220703,1.6375640630722
-1.75402794866386e-06,-487.298126220703,-1.63755106925964
2.66787719738204e-06,-497.975616455078,1.6478259563446
-2.34540675592143e-06,-497.975616455078,-1.64781272411346
3.74251294488204e-06,-508.718139648438,1.65758609771729
-3.40654241881566e-06,-508.718139648438,-1.65757262706757
4.48486343884724e-06,-519.5224609375,1.66682553291321
-4.13295356338494e-06,-519.5224609375,-1.6668119430542
5.79551533519407e-06,-530.385070800781,1.67552518844604
-5.42929547009408e-06,-530.385070800781,-1.67551136016846
6.69857763568871e-06,-541.302368164063,1.6836644411087
-6.3151128415484e-06,-541.302368164063,-1.68365037441254
8.29559940029867e-06,-552.270690917969,1.69122290611267
-7.89698515291093e-06,-552.270690917969,-1.69120860099792
9.389820661454e-06,-563.286193847656,1.69817817211151
-8.97266363608651e-06,-563.286193847656,-1.69816362857819
1.13379255708423e-05,-574.344909667969,1.70450878143311
-1.09046641227906e-05,-574.344909667969,-1.7044939994812
1.26604663819307e-05,-585.442626953125,1.71019005775452
-1.2208388397994e-05,-585.442626953125,-1.71017503738403
1.50493469845969e-05,-596.575073242188,1.7151997089386
-1.45780722959898e-05,-596.575073242188,-1.71518433094025
1.6650845282129e-05,-607.737854003906,1.71951007843018
-1.61610059876693e-05,-607.737854003906,-1.71949458122253
1.96075379790273e-05,-618.92626953125,1.72309839725494
-1.90857535926625e-05,-618.92626953125,-1.72308266162872
2.15723266592249e-05,-630.135559082031,1.72593355178833
-2.10033776966156e-05,-630.135559082031,-1.72591745853424
2.52544305112679e-05,-641.360778808594,1.7279931306839
-2.46686086029513e-05,-641.360778808594,-1.72797679901123
2.77593226201134e-05,-652.596740722656,1.7292400598526
-2.70214550255332e-05,-652.596740722656,-1.72922325134277
3.49835427186918e-05,-663.838195800781,1.7296804189682
-3.46780543623026e-05,-663.838195800781,-1.72966313362122
-1.64314296108878e-39,-1.43997149934325e-39,1.5891694956604e-35
-1.64182994442771e-39,2.22140839057092e-40,-1.58668132768637e-35
-8.37130471609271e-08,-0.0734166651964188,0.0225897952914238
5.31024255678858e-08,-0.0734166502952576,-0.0225896816700697
-1.84116871082551e-07,-0.293658822774887,0.0451772063970566
1.25980704979156e-07,-0.293658822774887,-0.045176949352026
-2.48963544891012e-07,-0.66070556640625,0.0677605792880058
1.9934807937716e-07,-0.66070556640625,-0.0677601993083954
-3.27788313825295e-07,-1.17452549934387,0.0903383046388626
2.70831350235312e-07,-1.17452549934387,-0.0903377905488014
-3.88376832916038e-07,-1.83507657051086,0.112908735871315
3.41143135074162e-07,-1.83507657051086,-0.112908095121384
-4.58406788084176e-07,-2.64230585098267,0.135470241308212
4.04932336550701e-07,-2.64230585098267,-0.13546946644783
-5.16137163231178e-07,-3.59615015983582,0.158021152019501
4.70192389911972e-07,-3.59615015983582,-0.158020243048668
-5.7962682831203e-07,-4.69653511047363,0.180559813976288
5.2832916708212e-07,-4.69653511047363,-0.180558770895004
-6.34337197880086e-07,-5.94337558746338,0.203084528446198
5.89294927522133e-07,-5.94337558746338,-0.203083351254463
-6.92681396685657e-07,-7.33657550811768,0.225593581795692
6.43420264623273e-07,-7.33657550811768,-0.225592285394669
-7.4475082101344e-07,-8.87602710723877,0.248085275292397
7.0080113800941e-07,-8.87602710723877,-0.248083829879761
-7.99164808995556e-07,-10.5616130828857,0.270557820796967
7.51975505863811e-07,-10.5616130828857,-0.270556271076202
-8.49134153213527e-07,-12.3932008743286,0.293009489774704
8.06481807558157e-07,-12.3932008743286,-0.293007791042328
-9.00598706721212e-07,-14.3706512451172,0.315438449382782
8.55516475439799e-07,-14.3706512451172,-0.315436601638794
-9.49014577145135e-07,-16.4938087463379,0.337842881679535
9.07842888864252e-07,-16.4938087463379,-0.337840884923935
-9.98323002932011e-07,-18.7625102996826,0.36022087931633
9.55395535129355e-07,-18.7625102996826,-0.36021876335144
-1.04569915038155e-06,-21.1765747070313,0.382570594549179
1.00618285614473e-06,-21.1765747070313,-0.382568359375
-1.09350605725922e-06,-23.7358150482178,0.404890060424805
1.05279741546838e-06,-23.7358150482178,-0.404887706041336
-1.1403081998651e-06,-26.4400253295898,0.427177309989929
1.10261635200004e-06,-26.4400253295898,-0.427174806594849
-1.18715956887172e-06,-29.2889919281006,0.44943031668663
1.14874865175807e-06,-29.2889919281006,-0.44942769408226
-1.23379845717864e-06,-32.2824859619141,0.471647024154663
1.19809647003422e-06,-32.2824859619141,-0.471644252538681
-1.28013493849721e-06,-35.4202613830566,0.493825286626816
1.24411428714666e-06,-35.4202613830566,-0.493822365999222
-1.3269639111968e-06,-38.7020645141602,0.515962958335876
1.2934162896272e-06,-38.7020645141602,-0.515959918498993
-1.37315987558395e-06,-42.1276206970215,0.538057804107666
1.33963442294771e-06,-42.1276206970215,-0.538054645061493
-1.42047349527274e-06,-45.696647644043,0.560107588768005
1.38924406201113e-06,-45.696647644043,-0.560104250907898
-1.46681611568056e-06,-49.4088439941406,0.582109928131104
1.43590216339362e-06,-49.4088439941406,-0.582106411457062
-1.51486085542274e-06,-53.2638931274414,0.604062378406525
1.48611525219167e-06,-53.2638931274414,-0.604058742523193
-1.56156079356151e-06,-57.2614593505859,0.625962555408478
1.53338555719529e-06,-57.2614593505859,-0.625958800315857
-1.61051252689504e-06,-61.4012031555176,0.647807896137238
1.58441912390117e-06,-61.4012031555176,-0.647804021835327
-1.65771700721962e-06,-65.6827545166016,0.669595777988434
1.6324194120898e-06,-65.6827545166016,-0.669591724872589
-1.70771124885505e-06,-70.1057281494141,0.691323459148407
1.68444239534438e-06,-70.1057281494141,-0.691319286823273
-1.75550474068586e-06,-74.6697235107422,0.712988257408142
1.73323360286304e-06,-74.6697235107422,-0.712983965873718
-1.80659003490291e-06,-79.3743286132813,0.73458731174469
1.7863237644633e-06,-79.3743286132813,-0.734582841396332
-1.85491842330521e-06,-84.219108581543,0.756117641925812
1.83583324542269e-06,-84.219108581543,-0.756113052368164
-1.90707419278624e-06,-89.2035980224609,0.777576208114624
1.88999501915532e-06,-89.2035980224609,-0.777571439743042
-1.95592224372376e-06,-94.3273239135742,0.798959910869598
1.94019389709865e-06,-94.3273239135742,-0.798955023288727
-2.00908357328444e-06,-99.5897903442383,0.820265531539917
1.99538294509694e-06,-99.5897903442383,-0.820260465145111
-2.05823198484723e-06,-104.990478515625,0.841489672660828
2.04604270948039e-06,-104.990478515625,-0.841484487056732
-2.11224346458039e-06,-110.528846740723,0.862628996372223
2.10212238016538e-06,-110.528846740723,-0.862623691558838
-2.16143098441535e-06,-116.20433807373,0.883679866790771
2.15297495742561e-06,-116.20433807373,-0.883674383163452
-2.2160536445881e-06,-122.01634979248,0.904638588428497
2.20972196984803e-06,-122.01634979248,-0.904632985591888
-2.26492920774035e-06,-127.964286804199,0.925501465797424
2.26041379391972e-06,-127.964286804199,-0.925495684146881
-2.31978469855676e-06,-134.047515869141,0.946264505386353
2.31746480494621e-06,-134.047515869141,-0.94625860452652
-2.36784671869827e-06,-140.265350341797,0.966923654079437
2.36749269788561e-06,-140.265350341797,-0.966917634010315
-2.42248665927036e-06,-146.617126464844,0.987474739551544
2.42441228692769e-06,-146.617126464844,-0.987468540668488
-2.46907870860014e-06,-153.102111816406,1.00791335105896
2.47312095780217e-06,-153.102111816406,-1.00790703296661
-2.52287941293616e-06,-159.719573974609,1.02823519706726
2.5292974896729e-06,-159.719573974609,-1.02822864055634
-2.5672070478322e-06,-166.468734741211,1.04843533039093
2.57589545071824e-06,-166.468734741211,-1.04842877388
-2.61940454038267e-06,-173.348785400391,1.06850922107697
2.63057609117823e-06,-173.348785400391,-1.06850242614746
-2.6604452614265e-06,-180.35888671875,1.08845174312592
2.67404448095476e-06,-180.35888671875,-1.08844482898712
-2.7100638817501e-06,-187.498168945313,1.10825777053833
2.72626584774116e-06,-187.498168945313,-1.10825061798096
-2.74666376753885e-06,-194.765731811523,1.12792193889618
2.76545802080364e-06,-194.765731811523,-1.12791466712952
-2.79254595625389e-06,-202.160629272461,1.14743888378143
2.81407210422913e-06,-202.160629272461,-1.14743137359619
-2.82323730971257e-06,-209.681884765625,1.16680264472961
2.84752786683384e-06,-209.681884765625,-1.16679501533508
-2.86392605630681e-06,-217.328506469727,1.18600738048553
2.89108993456466e-06,-217.328506469727,-1.18599963188171
-2.88692740468832e-06,-225.099395751953,1.20504713058472
2.91703736365889e-06,-225.099395751953,-1.20503914356232
-2.92072559204826e-06,-232.993499755859,1.22391521930695
2.95386121251795e-06,-232.993499755859,-1.22390723228455
-2.93397920358984e-06,-241.009674072266,1.24260532855988
2.97025189865963e-06,-241.009674072266,-1.2425971031189
-2.95877975986514e-06,-249.146713256836,1.26111054420471
2.99824068861199e-06,-249.146713256836,-1.26110219955444
-2.95977702080563e-06,-257.403442382813,1.27942383289337
3.00257920571312e-06,-257.403442382813,-1.27941524982452
-2.97305996355135e-06,-265.778533935547,1.2975378036499
3.01922364087659e-06,-265.778533935547,-1.29752910137177
-2.9588607048936e-06,-274.270690917969,1.31544482707977
3.00858437185525e-06,-274.270690917969,-1.31543600559235
-2.95771656055877e-06,-282.878540039063,1.33313715457916
3.01098521049425e-06,-282.878540039063,-1.33312809467316
-2.92488471131946e-06,-291.600677490234,1.35060656070709
2.98194663628237e-06,-291.600677490234,-1.3505973815918
-2.9057550818834e-06,-300.435638427734,1.367844581604
2.96655844067573e-06,-300.435638427734,-1.36783516407013
-2.8501967790362e-06,-309.3818359375,1.38484251499176
2.91504443339363e-06,-309.3818359375,-1.3848329782486
-2.80887661574525e-06,-318.437713623047,1.40159118175507
2.87767193185573e-06,-318.437713623047,-1.40158152580261
-2.72576721727091e-06,-327.601623535156,1.41808128356934
2.79887763099396e-06,-327.601623535156,-1.4180713891983
-2.65733842752525e-06,-336.871826171875,1.43430292606354
2.73461546385079e-06,-336.871826171875,-1.43429291248322
-2.54107067121367e-06,-346.24658203125,1.45024609565735
2.6229570266878e-06,-346.24658203125,-1.45023584365845
-2.43968383983884e-06,-355.724029541016,1.46590030193329
2.52596555583295e-06,-355.724029541016,-1.4658899307251
-2.28368048738048e-06,-365.30224609375,1.48125469684601
2.37489143728453e-06,-365.30224609375,-1.48124408721924
-2.14241754292743e-06,-374.979248046875,1.49629783630371
2.2382635052054e-06,-374.979248046875,-1.49628698825836
-1.93905430023733e-06,-384.752990722656,1.51101815700531
2.04017737814866e-06,-384.752990722656,-1.51100718975067
-1.74986610090855e-06,-394.621337890625,1.52540361881256
1.85587543910515e-06,-394.621337890625,-1.52539241313934
-1.49019081163715e-06,-404.58203125,1.53944146633148
1.60185720687878e-06,-404.58203125,-1.53943002223969
-1.24357529784902e-06,-414.632843017578,1.55311870574951
1.36039227527363e-06,-414.632843017578,-1.55310714244843
-9.17204431516438e-07,-424.771301269531,1.56642198562622
1.04009700407914e-06,-424.771301269531,-1.56641018390656
-6.02117438575078e-07,-434.994964599609,1.57933712005615
7.30431679585308e-07,-434.994964599609,-1.57932507991791
-1.96947397057556e-07,-445.301300048828,1.59184956550598
3.31788271523692e-07,-445.301300048828,-1.59183740615845
1.99660703970039e-07,-455.687591552734,1.60394430160522
-5.91178945796855e-08,-455.687591552734,-1.6039320230484
6.97634163770999e-07,-466.151092529297,1.61560583114624
-5.50059894521837e-07,-466.151092529297,-1.61559319496155
1.19064611681097e-06,-476.688934326172,1.62681782245636
-1.03708202914277e-06,-476.688934326172,-1.62680506706238
1.79771143393737e-06,-487.298126220703,1.63756334781647
-1.63656170570903e-06,-487.298126220703,-1.63755035400391
2.40443114307709e-06,-497.9755859375,1.64782524108887
-2.23699817070155e-06,-497.9755859375,-1.64781212806702
3.13926989292668e-06,-508.718139648438,1.65758526325226
-2.96363532470423e-06,-508.718139648438,-1.65757191181183
3.87952377423062e-06,-519.522399902344,1.66682481765747
-3.69731014870922e-06,-519.522399902344,-1.66681110858917
4.76368904855917e-06,-530.385009765625,1.67552423477173
-4.57259420727496e-06,-530.385009765625,-1.67551028728485
5.6596941249154e-06,-541.302307128906,1.68366348743439
-5.46170758752851e-06,-541.302307128906,-1.68364942073822
6.71790348860668e-06,-552.270629882813,1.69122159481049
-6.51030723020085e-06,-552.270629882813,-1.69120728969574
7.79371021053521e-06,-563.2861328125,1.69817709922791
-7.57894486014266e-06,-563.2861328125,-1.69816255569458
9.0542780526448e-06,-574.344848632813,1.70450723171234
-8.82934364199173e-06,-574.344848632813,-1.70449244976044
1.03343190858141e-05,-585.442565917969,1.71018898487091
-1.01021605587448e-05,-585.442565917969,-1.71017384529114
1.18302068585763e-05,-596.575012207031,1.71519768238068
-1.1587417247938e-05,-596.575012207031,-1.71518230438232
1.33369303512154e-05,-607.737731933594,1.71950888633728
-1.30851867652382e-05,-607.737731933594,-1.71949326992035
1.51106805788004e-05,-618.926147460938,1.72309577465057
-1.48389326568577e-05,-618.926147460938,-1.72307991981506
1.68650458363118e-05,-630.135437011719,1.72593235969543
-1.65673245646758e-05,-630.135437011719,-1.72591626644135
1.89860311365919e-05,-641.360656738281,1.72798943519592
-1.86273409781279e-05,-641.360656738281,-1.72797310352325
2.09380868909648e-05,-652.596618652344,1.72923910617828
-2.05731284950161e-05,-652.596618652344,-1.72922241687775
2.01985967578366e-05,-663.838012695313,1.72967541217804
-2.0021470845677e-05,-663.838012695313,-1.72965884208679
-3.70845230792777e-40,-1.60671760880712e-39,1.58913720974378e-35
-3.87718265601712e-40,-2.1721527495499e-41,-1.58679640904249e-35
-2.99164994999046e-08,-0.0734169408679008,0.022589884698391
1.87813551377758e-08,-0.0734169259667397,-0.0225897673517466
-6.41824442482175e-08,-0.293659448623657,0.0451772212982178
5.10542434994932e-08,-0.293659448623657,-0.0451769791543484
-9.26899090814004e-08,-0.660706520080566,0.0677606463432312
6.96883120099301e-08,-0.660706520080566,-0.0677602589130402
-1.15879515760753e-07,-1.17452669143677,0.090338334441185
1.03394512507293e-07,-1.17452669143677,-0.0903378203511238
-1.43401351238026e-07,-1.83507800102234,0.112908788025379
1.22986264727842e-07,-1.83507800102234,-0.112908147275448
-1.64417087944457e-07,-2.6423077583313,0.135470271110535
1.52285466015201e-07,-2.6423077583313,-0.135469496250153
-1.90268650612779e-07,-3.59615230560303,0.158021196722984
1.71857109876328e-07,-3.59615230560303,-0.158020287752151
-2.09830062658511e-07,-4.69653749465942,0.18055984377861
1.97908789800749e-07,-4.69653749465942,-0.180558800697327
-2.33929156934209e-07,-5.94337844848633,0.20308455824852
2.17048551576227e-07,-5.94337844848633,-0.203083395957947
-2.52304715786522e-07,-7.33657836914063,0.225593626499176
2.40822487285186e-07,-7.33657836914063,-0.225592315196991
-2.74822383516948e-07,-8.87602996826172,0.248085305094719
2.59425036119865e-07,-8.87602996826172,-0.248083874583244
-2.92330980755651e-07,-10.5616159439087,0.270557850599289
2.81485512232393e-07,-10.5616159439087,-0.270556300878525
-3.13508763838399e-07,-12.3932046890259,0.293009519577026
2.99607791021117e-07,-12.3932046890259,-0.29300782084465
-3.30411268123498e-07,-14.3706550598145,0.315438479185104
3.20369309747548e-07,-14.3706550598145,-0.315436631441116
-3.50514653746359e-07,-16.4938125610352,0.337842911481857
3.38133105515226e-07,-16.4938125610352,-0.337840914726257
-3.67018316183021e-07,-18.7625141143799,0.360220909118652
3.57934709427354e-07,-18.7625141143799,-0.360218793153763
-3.86308158795146e-07,-21.1765804290771,0.382570624351501
3.75480453840282e-07,-21.1765804290771,-0.382568389177322
-4.02574926283705e-07,-23.735818862915,0.404890090227127
3.94595616626248e-07,-23.735818862915,-0.404887735843658
-4.2128743871217e-07,-26.4400310516357,0.427177339792252
4.12059847576529e-07,-26.4400310516357,-0.427174836397171
-4.3746240407927e-07,-29.2889976501465,0.449430346488953
4.30725776823238e-07,-29.2889976501465,-0.449427723884583
-4.55806798527192e-07,-32.2824897766113,0.471647053956985
4.48235937255959e-07,-32.2824897766113,-0.471644282341003
-4.72008025553805e-07,-35.4202651977539,0.493825316429138
4.66646383756597e-07,-35.4202651977539,-0.493822395801544
-4.9015716285794e-07,-38.7020683288574,0.515963017940521
4.8430865717819e-07,-38.7020683288574,-0.515959918498993
-5.06474975736637e-07,-42.1276245117188,0.538057863712311
5.02616387620947e-07,-42.1276245117188,-0.538054645061493
-5.24583526839706e-07,-45.6966552734375,0.560107588768005
5.20531045822281e-07,-45.6966552734375,-0.560104250907898
-5.41103815976385e-07,-49.4088478088379,0.582109928131104
5.38873052846611e-07,-49.4088478088379,-0.582106471061707
-5.59285240342433e-07,-53.2638969421387,0.604062438011169
5.57109672172373e-07,-53.2638969421387,-0.604058802127838
-5.76058937440393e-07,-57.2614669799805,0.625962615013123
5.75579235828627e-07,-57.2614669799805,-0.625958859920502
-5.94413847920805e-07,-61.4012107849121,0.647807896137238
5.94202845149994e-07,-61.4012107849121,-0.647804021835327
-6.1146124608058e-07,-65.6827621459961,0.669595777988434
6.12854307746602e-07,-65.6827621459961,-0.669591724872589
-6.30030456250097e-07,-70.1057357788086,0.691323518753052
6.31878435797262e-07,-70.1057357788086,-0.691319346427917
-6.47417493837565e-07,-74.6697311401367,0.712988317012787
6.50806271096371e-07,-74.6697311401367,-0.712983965873718
-6.66220216771762e-07,-79.3743362426758,0.73458731174469
6.70226199872559e-07,-79.3743362426758,-0.734582901000977
-6.83874191054201e-07,-84.2191162109375,0.756117641925812
6.89382432028651e-07,-84.2191162109375,-0.756113052368164
-7.02922648088133e-07,-89.2036056518555,0.777576208114624
7.09191965597711e-07,-89.2036056518555,-0.777571499347687
-7.20843559065543e-07,-94.3273315429688,0.798959910869598
7.2859586452978e-07,-94.3273315429688,-0.798955082893372
-7.40118366593379e-07,-99.5897979736328,0.820265531539917
7.48762602142961e-07,-99.5897979736328,-0.820260524749756
-7.58228964059526e-07,-104.99048614502,0.841489732265472
7.68353629609919e-07,-104.99048614502,-0.841484546661377
-7.77633431425784e-07,-110.528854370117,0.862628996372223
7.88769227710873e-07,-110.528854370117,-0.862623691558838
-7.95852542978537e-07,-116.204345703125,0.883679866790771
8.0848059269556e-07,-116.204345703125,-0.883674442768097
-8.15308169421769e-07,-122.016357421875,0.904638648033142
8.29060297746764e-07,-122.016357421875,-0.904633045196533
-8.33515457543399e-07,-127.964294433594,0.925501525402069
8.48782292450778e-07,-127.964294433594,-0.925495743751526
-8.52813684559806e-07,-134.047515869141,0.946264505386353
8.69311179485521e-07,-134.047515869141,-0.94625860452652
-8.70832025157142e-07,-140.265365600586,0.966923713684082
8.88878616933653e-07,-140.265365600586,-0.966917634010315
-8.89791465397138e-07,-146.617141723633,0.987474799156189
9.09171887997218e-07,-146.617141723633,-0.987468600273132
-9.07389676285675e-07,-153.102127075195,1.00791347026825
9.28361771457276e-07,-153.102127075195,-1.00790703296661
-9.25735321288812e-07,-159.719589233398,1.02823519706726
9.48143224377418e-07,-159.719589233398,-1.02822875976563
-9.42669657888473e-07,-166.46875,1.04843544960022
9.66719085226941e-07,-166.46875,-1.04842877388
-9.60029751695402e-07,-173.34880065918,1.06850922107697
9.85615770332515e-07,-173.34880065918,-1.06850242614746
-9.75960915639007e-07,-180.358901977539,1.08845174312592
1.00324689356057e-06,-180.358901977539,-1.08844482898712
-9.91910383163486e-07,-187.498184204102,1.10825777053833
1.02083492947713e-06,-187.498184204102,-1.10825073719025
-1.00648787793034e-06,-194.765747070313,1.12792205810547
1.03717593447072e-06,-194.765747070313,-1.12791478633881
-1.02049796169013e-06,-202.16064453125,1.14743888378143
1.05292906482646e-06,-202.16064453125,-1.14743149280548
-1.03322258837579e-06,-209.681900024414,1.16680264472961
1.06748802863876e-06,-209.681900024414,-1.16679501533508
-1.0446209444126e-06,-217.328506469727,1.18600738048553
1.0807378885147e-06,-217.328506469727,-1.185999751091
-1.05490880741854e-06,-225.099411010742,1.20504713058472
1.09293625882856e-06,-225.099411010742,-1.20503926277161
-1.06291486190457e-06,-232.993515014648,1.22391521930695
1.10290636712307e-06,-232.993515014648,-1.22390723228455
-1.07013249817101e-06,-241.009674072266,1.24260532855988
1.11211625153373e-06,-241.009674072266,-1.24259722232819
-1.07378582470119e-06,-249.146728515625,1.26111054420471
1.11785175249679e-06,-249.146728515625,-1.26110219955444
-1.07716061847896e-06,-257.403442382813,1.27942383289337
1.12330519641546e-06,-257.403442382813,-1.27941524982452
-1.0752912658063e-06,-265.778533935547,1.2975378036499
1.12364386950503e-06,-265.778533935547,-1.29752910137177
-1.07389996628626e-06,-274.270690917969,1.31544482707977
1.12442012323299e-06,-274.270690917969,-1.31543600559235
-1.06512413822202e-06,-282.878570556641,1.33313715457916
1.11798556190479e-06,-282.878570556641,-1.33312809467316
-1.05798267213686e-06,-291.600708007813,1.35060656070709
1.11310669126397e-06,-291.600708007813,-1.3505973815918
-1.04062951322703e-06,-300.435638427734,1.367844581604
1.09823781713203e-06,-300.435638427734,-1.36783516407013
-1.02646515642846e-06,-309.3818359375,1.38484251499176
1.08643450857926e-06,-309.3818359375,-1.38483285903931
-9.98540713226248e-07,-318.437713623047,1.40159118175507
1.06114873688057e-06,-318.437713623047,-1.40158140659332
-9.75961597760033e-07,-327.601623535156,1.41808128356934
1.04103366993513e-06,-327.601623535156,-1.41807126998901
-9.35085552100645e-07,-336.871826171875,1.43430292606354
1.0029618806584e-06,-336.871826171875,-1.43429279327393
-9.02482156561746e-07,-346.24658203125,1.45024609565735
9.72926841313893e-07,-346.24658203125,-1.45023584365845
-8.4581427017838e-07,-355.724029541016,1.46590030193329
9.19246417652175e-07,-355.724029541016,-1.46588981151581
-8.01372209480178e-07,-365.30224609375,1.48125457763672
8.77479862992914e-07,-365.30224609375,-1.48124396800995
-7.25533027434722e-07,-374.979278564453,1.49629771709442
8.04827720912726e-07,-374.979278564453,-1.49628698825836
-6.67248343688698e-07,-384.753021240234,1.51101803779602
7.49327227822505e-07,-384.753021240234,-1.51100707054138
-5.68275197565526e-07,-394.621337890625,1.52540349960327
6.53758377211489e-07,-394.621337890625,-1.52539229393005
-4.93788149924512e-07,-404.582061767578,1.5394412279129
5.82165682772029e-07,-404.582061767578,-1.5394299030304
-3.67004474810528e-07,-414.632843017578,1.55311858654022
4.59029678268053e-07,-414.632843017578,-1.55310702323914
-2.7380639266994e-07,-424.771301269531,1.56642174720764
3.68835543440582e-07,-424.771301269531,-1.56640994548798
-1.13541304358478e-07,-434.994964599609,1.57933688163757
2.12482873962472e-07,-434.994964599609,-1.57932484149933
1.10090803140395e-09,-445.301300048828,1.5918493270874
1.00951616843759e-07,-445.301300048828,-1.59183716773987
2.01331545213179e-07,-455.687591552734,1.60394406318665
-9.50680529854253e-08,-455.687591552734,-1.60393166542053
3.40277750865425e-07,-466.151092529297,1.61560547351837
-2.30803095746523e-07,-466.151092529297,-1.61559295654297
5.88126113143517e-07,-476.688903808594,1.62681746482849
-4.74107309855754e-07,-476.688903808594,-1.62680459022522
7.54053928631038e-07,-487.298095703125,1.6375629901886
-6.3672911210233e-07,-487.298095703125,-1.63754999637604
1.05809613160091e-06,-497.9755859375,1.647824883461
-9.35855837269628e-07,-497.9755859375,-1.64781165122986
1.25351755286829e-06,-508.718109130859,1.6575847864151
-1.12788245587581e-06,-508.718109130859,-1.65757143497467
1.62316575824661e-06,-519.522399902344,1.66682422161102
-1.49220363709901e-06,-519.522399902344,-1.66681063175201
1.84963187166431e-06,-530.385009765625,1.67552363872528
-1.71518729530362e-06,-530.385009765625,-1.67550981044769
2.29461079470639e-06,-541.302307128906,1.68366289138794
-2.1543917227973e-06,-541.302307128906,-1.68364882469177
2.55178679253731e-06,-552.270629882813,1.69122099876404
-2.40801955442294e-06,-552.270629882813,-1.69120669364929
3.08112271341088e-06,-563.2861328125,1.69817638397217
-2.93101311399369e-06,-563.2861328125,-1.69816184043884
3.36457878802321e-06,-574.344787597656,1.7045065164566
-3.21127254210296e-06,-574.344787597656,-1.70449161529541
3.98427209802321e-06,-585.442504882813,1.71018815040588
-3.82346661353949e-06,-585.442504882813,-1.71017301082611
4.28238718086504e-06,-596.574951171875,1.71519672870636
-4.11976134273573e-06,-596.574951171875,-1.7151814699173
4.98938197779353e-06,-607.737670898438,1.71950781345367
-4.81690221931785e-06,-607.737670898438,-1.71949231624603
5.28213922734722e-06,-618.926086425781,1.72309470176697
-5.10219024363323e-06,-618.926086425781,-1.72307884693146
6.05094055572408e-06,-630.135375976563,1.72593128681183
-5.8664286370913e-06,-630.135375976563,-1.72591519355774
6.31165130471345e-06,-641.360595703125,1.72798812389374
-6.0595662034757e-06,-641.360595703125,-1.72797179222107
7.06053560861619e-06,-652.596496582031,1.72923791408539
-6.90299748384859e-06,-652.596496582031,-1.72922146320343
1.00897359516239e-05,-663.837951660156,1.72967398166656
-9.88647661870345e-06,-663.837951660156,-1.72965729236603
3.7038280229955e-40,-1.60705392043856e-39,1.58913735323674e-35
3.87185772185269e-40,-2.18322300741806e-41,-1.58679626554953e-35
3.02740872371032e-08,-0.0734169408679008,0.022589884698391
-1.91258937576322e-08,-0.0734169259667397,-0.0225897673517466
6.51046434541058e-08,-0.293659448623657,0.0451772212982178
-5.19010754373994e-08,-0.293659448623657,-0.0451769791543484
9.41110869234763e-08,-0.660706520080566,0.0677606463432312
-7.09285714606267e-08,-0.660706520080566,-0.0677602589130402
1.17858206749588e-07,-1.17452669143677,0.090338334441185
-1.05050389720418e-07,-1.17452669143677,-0.0903378203511238
1.45941626783497e-07,-1.83507800102234,0.112908788025379
-1.25020790164854e-07,-1.83507800102234,-0.112908147275448
1.67542950180177e-07,-2.6423077583313,0.135470271110535
-1.54684812514461e-07,-2.6423077583313,-0.135469496250153
1.93999682096546e-07,-3.59615230560303,0.158021196722984
-1.74602277525082e-07,-3.59615230560303,-0.158020287752151
2.14182648505812e-07,-4.69653749465942,0.18055984377861
-2.00978519160344e-07,-4.69653749465942,-0.180558800697327
2.38924599216261e-07,-5.94337844848633,0.20308455824852
-2.2042722491733e-07,-5.94337844848633,-0.203083395957947
2.57958220117871e-07,-7.33657836914063,0.225593626499176
-2.44488347789229e-07,-7.33657836914063,-0.225592315196991
2.81154200365563e-07,-8.87602996826172,0.248085305094719
-2.63362665009481e-07,-8.87602996826172,-0.248083874583244
2.99356344157786e-07,-10.5616159439087,0.270557850599289
-2.8567413323799e-07,-10.5616159439087,-0.270556300878525
3.21246233170314e-07,-12.3932046890259,0.293009519577026
-3.04031317455156e-07,-12.3932046890259,-0.29300782084465
3.38875793204352e-07,-14.3706550598145,0.315438479185104
-3.25007817991718e-07,-14.3706550598145,-0.315436631441116
3.59725021326085e-07,-16.4938125610352,0.337842911481857
-3.42971731015496e-07,-16.4938125610352,-0.337840914726257
3.76990044514969e-07,-18.7625141143799,0.360220909118652
-3.62955233867979e-07,-18.7625141143799,-0.360218793153763
3.97058840917452e-07,-21.1765804290771,0.382570624351501
-3.80667813715263e-07,-21.1765785217285,-0.382568389177322
4.141191141116e-07,-23.735818862915,0.404890090227127
-3.99931792571806e-07,-23.735818862915,-0.404887735843658
4.33641815789088e-07,-26.4400310516357,0.427177339792252
-4.17529776086667e-07,-26.4400310516357,-0.427174836397171
4.50641749694114e-07,-29.2889976501465,0.449430346488953
-4.36312831197938e-07,-29.2889976501465,-0.449427723884583
4.6982722778921e-07,-32.2824897766113,0.471647053956985
-4.53925480314865e-07,-32.2824897766113,-0.471644282341003
4.86884403017029e-07,-35.4202651977539,0.493825316429138
-4.72423010933198e-07,-35.4202651977539,-0.493822395801544
5.05904438341531e-07,-38.7020683288574,0.515963017940521
-4.90157617605291e-07,-38.7020683288574,-0.515959918498993
5.23105939009838e-07,-42.1276245117188,0.538057863712311
-5.08521281972207e-07,-42.1276245117188,-0.538054645061493
5.42111820323044e-07,-45.6966552734375,0.560107588768005
-5.26476810591703e-07,-45.6966552734375,-0.560104250907898
5.59534612420975e-07,-49.4088478088379,0.582109928131104
-5.44836723292974e-07,-49.4088478088379,-0.582106471061707
5.78630135805724e-07,-53.2638969421387,0.604062438011169
-5.63075104764721e-07,-53.2638969421387,-0.604058802127838
5.96332938584965e-07,-57.2614669799805,0.625962615013123
-5.81534152388485e-07,-57.2614669799805,-0.625958859920502
6.15631108757952e-07,-61.4012107849121,0.647807896137238
-6.00134853812051e-07,-61.4012107849121,-0.647804021835327
6.33633817415102e-07,-65.6827621459961,0.669595777988434
-6.18749197656143e-07,-65.6827621459961,-0.669591724872589
6.53170673103887e-07,-70.1057357788086,0.691323518753052
-6.37722905594273e-07,-70.1057357788086,-0.691319346427917
6.71535417495761e-07,-74.6697311401367,0.712988317012787
-6.56585143588018e-07,-74.6697311401367,-0.712983965873718
6.91329375968053e-07,-79.3743362426758,0.73458731174469
-6.75928617965837e-07,-79.3743362426758,-0.734582901000977
7.09984021796117e-07,-84.2191162109375,0.756117641925812
-6.94993389060983e-07,-84.2191162109375,-0.756113052368164
7.30047645447485e-07,-89.2036056518555,0.777576208114624
-7.1470276452601e-07,-89.2036056518555,-0.777571499347687
7.48990487409174e-07,-94.3273315429688,0.798959910869598
-7.33989850232319e-07,-94.3273315429688,-0.798955082893372
7.69297685110359e-07,-99.5897979736328,0.820265531539917
-7.54028008032037e-07,-99.5897979736328,-0.820260524749756
7.88443401233963e-07,-104.99048614502,0.841489732265472
-7.73470731019188e-07,-104.99048614502,-0.841484546661377
8.08877643976302e-07,-110.528854370117,0.862628996372223
-7.93711365076888e-07,-110.528854370117,-0.862623691558838
8.2812590562753e-07,-116.204345703125,0.883679866790771
-8.13225540241547e-07,-116.204345703125,-0.883674442768097
8.48622960347711e-07,-122.016357421875,0.904638648033142
-8.33599699490151e-07,-122.016357421875,-0.904633045196533
8.67882363309036e-07,-127.964294433594,0.925501525402069
-8.53105916576169e-07,-127.964294433594,-0.925495743751526
8.88264878540213e-07,-134.047515869141,0.946264505386353
-8.73431531545066e-07,-134.047515869141,-0.94625860452652
9.07377739167714e-07,-140.265365600586,0.966923713684082
-8.92785294581699e-07,-140.265365600586,-0.966917634010315
9.2743891855207e-07,-146.617141723633,0.987474799156189
-9.12853522549995e-07,-146.617141723633,-0.987468600273132
9.4614421186634e-07,-153.102127075195,1.00791347026825
-9.31804095216648e-07,-153.102127075195,-1.00790703296661
9.65609388003941e-07,-159.719589233398,1.02823519706726
-9.51341348809365e-07,-159.719589233398,-1.02822864055634
9.83662630460458e-07,-166.46875,1.04843544960022
-9.69654024629563e-07,-166.46875,-1.04842877388
1.00214924714237e-06,-173.34880065918,1.06850922107697
-9.88278543445631e-07,-173.34880065918,-1.06850242614746
1.01920215911377e-06,-180.358901977539,1.08845174312592
-1.0056155588245e-06,-180.358901977539,-1.08844482898712
1.03625461633783e-06,-187.498184204102,1.10825777053833
-1.02287503978005e-06,-187.498184204102,-1.10825073719025
1.05192555110989e-06,-194.765747070313,1.12792205810547
-1.0388617965873e-06,-194.765747070313,-1.12791478633881
1.06703987512446e-06,-202.16064453125,1.14743888378143
-1.05425544916216e-06,-202.16064453125,-1.14743149280548
1.0808777233251e-06,-209.681900024414,1.16680264472961
-1.06844879610435e-06,-209.681900024414,-1.16679501533508
1.09343272924889e-06,-217.328506469727,1.18600738048553
-1.08136111975909e-06,-217.328506469727,-1.185999751091
1.10488520022045e-06,-225.099411010742,1.20504713058472
-1.09321581476252e-06,-225.099411010742,-1.20503926277161
1.1140591595904e-06,-232.993515014648,1.22391521930695
-1.10283065168915e-06,-232.993515014648,-1.22390723228455
1.12244526917493e-06,-241.009674072266,1.24260532855988
-1.11167298655346e-06,-241.009674072266,-1.24259722232819
1.12727855139383e-06,-249.146728515625,1.26111054420471
-1.11703911898076e-06,-249.146728515625,-1.26110219955444
1.13182557015534e-06,-257.403442382813,1.27942383289337
-1.12210398128809e-06,-257.403442382813,-1.27941524982452
1.13113162569789e-06,-265.778533935547,1.2975378036499
-1.1220446367588e-06,-265.778533935547,-1.29752910137177
1.13090288778039e-06,-274.270690917969,1.31544482707977
-1.12240002181352e-06,-274.270690917969,-1.31543600559235
1.12326904400106e-06,-282.878570556641,1.33313715457916
-1.11551355530537e-06,-282.878570556641,-1.33312809467316
1.11725080387259e-06,-291.600708007813,1.35060656070709
-1.11015458514885e-06,-291.600708007813,-1.3505973815918
1.10103974293452e-06,-300.435638427734,1.367844581604
-1.09481413801404e-06,-300.435638427734,-1.36783516407013
1.08801668829983e-06,-309.3818359375,1.38484251499176
-1.08253004782455e-06,-309.3818359375,-1.38483285903931
1.0612401410981e-06,-318.437713623047,1.40159118175507
-1.05676144812605e-06,-318.437713623047,-1.40158140659332
1.03980221410893e-06,-327.601623535156,1.41808128356934
-1.03614911495242e-06,-327.601623535156,-1.41807126998901
1.00006695902266e-06,-336.871826171875,1.43430292606354
-9.97572328742535e-07,-336.871826171875,-1.43429279327393
9.68605149864743e-07,-346.24658203125,1.45024609565735
-9.67025926001952e-07,-346.24658203125,-1.45023584365845
9.13078451958427e-07,-355.724029541016,1.46590030193329
-9.12827715637832e-07,-355.724029541016,-1.46588981151581
8.6978326407916e-07,-365.30224609375,1.48125457763672
-8.70543317432748e-07,-365.30224609375,-1.48124396800995
7.95084190485795e-07,-374.979278564453,1.49629771709442
-7.97361849436129e-07,-374.979278564453,-1.49628698825836
7.37928928629117e-07,-384.753021240234,1.51101803779602
-7.41315432151168e-07,-384.753021240234,-1.51100707054138
6.40071164070832e-07,-394.621337890625,1.52540349960327
-6.45183376946079e-07,-394.621337890625,-1.52539229393005
5.66667836210399e-07,-404.582061767578,1.5394412279129
-5.72991552871827e-07,-404.582061767578,-1.5394299030304
4.4094525719629e-07,-414.632843017578,1.55311858654022
-4.49230498134057e-07,-414.632843017578,-1.55310702323914
3.48823618878669e-07,-424.771301269531,1.56642174720764
-3.58423136503916e-07,-424.771301269531,-1.56640994548798
1.89635585456926e-07,-434.994964599609,1.57933688163757
-2.01454540160739e-07,-434.994964599609,-1.57932484149933
7.6070620025348e-08,-445.301300048828,1.5918493270874
-8.93059919349071e-08,-445.301300048828,-1.59183716773987
-1.23091695058974e-07,-455.687591552734,1.60394406318665
1.0734324717987e-07,-455.687591552734,-1.60393166542053
-2.60977429888953e-07,-466.151092529297,1.61560547351837
2.43716698378194e-07,-466.151092529297,-1.61559295654297
-5.07764298163238e-07,-476.688903808594,1.62681746482849
4.8766077043183e-07,-476.688903808594,-1.62680459022522
-6.72637156640121e-07,-487.298095703125,1.6375629901886
6.5092910972453e-07,-487.298095703125,-1.63754999637604
-9.75617126641737e-07,-497.9755859375,1.647824883461
9.50696119161876e-07,-497.9755859375,-1.64781165122986
-1.16998899102327e-06,-508.718109130859,1.6575847864151
1.14337524337316e-06,-508.718109130859,-1.65757143497467
-1.53860321461252e-06,-519.522399902344,1.66682422161102
1.50836626744422e-06,-519.522399902344,-1.66681063175201
-1.76405353613518e-06,-530.385009765625,1.67552363872528
1.73203648046183e-06,-530.385009765625,-1.67550981044769
-2.20807578443782e-06,-541.302307128906,1.68366289138794
2.17198635255045e-06,-541.302307128906,-1.68364882469177
-2.46433228312526e-06,-552.270629882813,1.69122099876404
2.42639589487226e-06,-552.270629882813,-1.69120669364929
-2.99272301163001e-06,-563.2861328125,1.69817638397217
2.95014615403488e-06,-563.2861328125,-1.69816184043884
-3.27524162457848e-06,-574.344787597656,1.7045065164566
3.23116796607792e-06,-574.344787597656,-1.70449161529541
-3.89398974220967e-06,-585.442504882813,1.71018815040588
3.8441180549853e-06,-585.442504882813,-1.71017301082611
-4.19118805439211e-06,-596.574951171875,1.71519672870636
4.14119404013036e-06,-596.574951171875,-1.7151814699173
-4.89732337882742e-06,-607.737670898438,1.71950781345367
4.83917574456427e-06,-607.737670898438,-1.71949231624603
-5.18922843184555e-06,-618.926086425781,1.72309470176697
5.12530823471025e-06,-618.926086425781,-1.72307884693146
-5.95720621276996e-06,-630.135375976563,1.72593128681183
5.89042156207142e-06,-630.135375976563,-1.72591519355774
-6.2171079662221e-06,-641.360595703125,1.72798812389374
6.0844463405374e-06,-641.360595703125,-1.72797179222107
-6.96516690368298e-06,-652.596496582031,1.72923791408539
6.928750735824e-06,-652.596496582031,-1.72922146320343
-9.9935086836922e-06,-663.837951660156,1.72967398166656
9.91306842479389e-06,-663.837951660156,-1.72965729236603
1.64330270911371e-39,-1.44015927333747e-39,1.58916978264633e-35
1.64204714568968e-39,2.22834481796932e-40,-1.58668046672859e-35
8.40868423779284e-08,-0.0734166651964188,0.0225897934287786
-5.3455483595144e-08,-0.0734166502952576,-0.0225896798074245
1.85069183089581e-07,-0.293658792972565,0.0451772063970566
-1.26842792269599e-07,-0.293658792972565,-0.045176949352026
2.50398926482376e-07,-0.66070556640625,0.0677605792880058
-2.00595025035e-07,-0.66070556640625,-0.0677601993083954
3.29792101183557e-07,-1.17452549934387,0.0903383046388626
-2.72500869868963e-07,-1.17452549934387,-0.0903377905488014
3.9092901715776e-07,-1.83507645130157,0.112908735871315
-3.43180431627843e-07,-1.83507645130157,-0.112908095121384
4.6154914912222e-07,-2.64230585098267,0.135470241308212
-4.07338205832275e-07,-2.64230585098267,-0.13546946644783
5.19876039106748e-07,-3.59615015983582,0.158021152019501
-4.72935738571323e-07,-3.59615015983582,-0.158020243048668
5.83987343816261e-07,-4.69653511047363,0.180559813976288
-5.31397574832226e-07,-4.69653511047363,-0.180558770895004
6.39335553387355e-07,-5.94337558746338,0.203084528446198
-5.92666822285537e-07,-5.94337558746338,-0.203083351254463
6.98335895776836e-07,-7.33657550811768,0.225593581795692
-6.47078309157223e-07,-7.33657550811768,-0.225592285394669
7.51080790450942e-07,-8.87602710723877,0.248085275292397
-7.04727369793545e-07,-8.87602710723877,-0.248083829879761
8.06185596502473e-07,-10.5616130828857,0.270557820796967
-7.56151052883069e-07,-10.5616130828857,-0.270556271076202
8.56864630804921e-07,-12.3932008743286,0.293009489774704
-8.10889105196111e-07,-12.3932008743286,-0.293007791042328
9.09053426312312e-07,-14.3706512451172,0.315438449382782
-8.60136822211643e-07,-14.3706512451172,-0.315436601638794
9.58213149715448e-07,-16.4938087463379,0.337842851877213
-9.12660937046894e-07,-16.4938087463379,-0.337840884923935
1.00827924143232e-06,-18.7625102996826,0.36022087931633
-9.60392299020896e-07,-18.7625102996826,-0.36021876335144
1.05643266579136e-06,-21.1765747070313,0.382570594549179
-1.01134457963781e-06,-21.1765747070313,-0.382568359375
1.10502844563598e-06,-23.7358150482178,0.404890060424805
-1.05810386230587e-06,-23.7358150482178,-0.404887706041336
1.15263685529499e-06,-26.4400253295898,0.427177309989929
-1.10805240183254e-06,-26.4400253295898,-0.427174806594849
1.20030790640158e-06,-29.2889919281006,0.44943031668663
-1.1542969104994e-06,-29.2889919281006,-0.44942769408226
1.24778273402626e-06,-32.2824859619141,0.471647024154663
-1.20374204470863e-06,-32.2824859619141,-0.471644252538681
1.29496925183048e-06,-35.4202613830566,0.493825286626816
-1.24984126159688e-06,-35.4202613830566,-0.493822365999222
1.34266463192034e-06,-38.7020645141602,0.515962958335876
-1.29921113511955e-06,-38.7020645141602,-0.515959918498993
1.38973837238154e-06,-42.1276206970215,0.538057804107666
-1.34547940433549e-06,-42.1276206970215,-0.538054645061493
1.43794454743329e-06,-45.696647644043,0.560107588768005
-1.39512553687382e-06,-45.696647644043,-0.560104250907898
1.48518927289842e-06,-49.4088439941406,0.582109928131104
-1.44180103234248e-06,-49.4088439941406,-0.582106411457062
1.53415226122888e-06,-53.2638931274414,0.604062378406525
-1.49202014654293e-06,-53.2638931274414,-0.604058742523193
1.58178067977133e-06,-57.2614593505859,0.625962555408478
-1.53927953761013e-06,-57.2614593505859,-0.625958800315857
1.63167533173691e-06,-61.4012031555176,0.647807896137238
-1.59028991220111e-06,-61.4012031555176,-0.647804021835327
1.67983534993255e-06,-65.6827545166016,0.669595777988434
-1.63825370691484e-06,-65.6827545166016,-0.669591724872589
1.73079433807288e-06,-70.1057281494141,0.691323459148407
-1.69022325735568e-06,-70.1057281494141,-0.691319286823273
1.77955973867938e-06,-74.6697235107422,0.712988257408142
-1.73894341060077e-06,-74.6697235107422,-0.712983965873718
1.83163217570836e-06,-79.3743286132813,0.73458731174469
-1.79195262717258e-06,-79.3743286132813,-0.734582841396332
1.88095407338551e-06,-84.219108581543,0.756117641925812
-1.84136433745152e-06,-84.219108581543,-0.756113052368164
1.93412074622756e-06,-89.2035980224609,0.777576208114624
-1.89542095085926e-06,-89.2035980224609,-0.777571439743042
1.98398765860475e-06,-94.3273239135742,0.798959910869598
-1.94550102605717e-06,-94.3273239135742,-0.798955023288727
2.03818035515724e-06,-99.5897903442383,0.820265531539917
-2.00055978893943e-06,-99.5897903442383,-0.820260465145111
2.08836695492209e-06,-104.990478515625,0.841489672660828
-2.05107539841265e-06,-104.990478515625,-0.841484487056732
2.14340798265766e-06,-110.528846740723,0.862628996372223
-2.10697885449918e-06,-110.528846740723,-0.862623691558838
2.19363346332102e-06,-116.20433807373,0.883679866790771
-2.15764407585084e-06,-116.20433807373,-0.883674383163452
2.24930045078509e-06,-122.01634979248,0.904638588428497
-2.21418758883374e-06,-122.01634979248,-0.904632985591888
2.29923352890182e-06,-127.964286804199,0.925501465797424
-2.2646704564977e-06,-127.964286804199,-0.925495684146881
2.35516631619248e-06,-134.047515869141,0.946264505386353
-2.32150955525867e-06,-134.047515869141,-0.94625860452652
2.40430927078705e-06,-140.265350341797,0.966923654079437
-2.37131189351203e-06,-140.265350341797,-0.966917634010315
2.46003969550657e-06,-146.617126464844,0.987474739551544
-2.42799387706327e-06,-146.617126464844,-0.987468540668488
2.50772359322582e-06,-153.102111816406,1.00791335105896
-2.47644993578433e-06,-153.102111816406,-1.00790703296661
2.56263319897698e-06,-159.719573974609,1.02823519706726
-2.53236999014916e-06,-159.719573974609,-1.02822864055634
2.60807451013534e-06,-166.468734741211,1.04843533039093
-2.57870101449953e-06,-166.468734741211,-1.04842877388
2.66139090854267e-06,-173.348785400391,1.06850922107697
-2.63310084847035e-06,-173.348785400391,-1.06850242614746
2.70355167231173e-06,-180.35888671875,1.08845174312592
-2.67627501671086e-06,-180.35888671875,-1.08844482898712
2.75427532869799e-06,-187.498168945313,1.10825777053833
-2.72816873803094e-06,-187.498168945313,-1.10825061798096
2.79198548014392e-06,-194.765731811523,1.12792193889618
-2.76702371593274e-06,-194.765731811523,-1.12791466712952
2.83897406916367e-06,-202.160629272461,1.14743888378143
-2.81528127743513e-06,-202.160629272461,-1.14743137359619
2.87078705696331e-06,-209.681884765625,1.16680264472961
-2.84837892650103e-06,-209.681884765625,-1.16679501533508
2.9126169920346e-06,-217.328506469727,1.18600738048553
-2.89158879240858e-06,-217.328506469727,-1.18599963188171
2.93675998364051e-06,-225.099395751953,1.20504713058472
-2.9171687856433e-06,-225.099395751953,-1.20503914356232
2.97170277008263e-06,-232.993499755859,1.22391521930695
-2.95361587632215e-06,-232.993499755859,-1.22390723228455
2.98609961646434e-06,-241.009674072266,1.24260532855988
-2.96961252388428e-06,-241.009674072266,-1.2425971031189
3.01205750474764e-06,-249.146713256836,1.26111054420471
-2.99721068586223e-06,-249.146713256836,-1.26110219955444
3.01421778203803e-06,-257.403442382813,1.27942383289337
-3.00114993478928e-06,-257.403442382813,-1.27941524982452
3.02865987578116e-06,-265.778533935547,1.2975378036499
-3.01738214147917e-06,-265.778533935547,-1.29752910137177
3.01562386084697e-06,-274.270690917969,1.31544482707977
-3.00632154903724e-06,-274.270690917969,-1.31543600559235
3.01560476145823e-06,-282.878540039063,1.33313715457916
-3.00825468002586e-06,-282.878540039063,-1.33312809467316
2.98391091746453e-06,-291.600677490234,1.35060656070709
-2.97874976240564e-06,-291.600677490234,-1.3505973815918
2.96591770165833e-06,-300.435638427734,1.367844581604
-2.96288499157527e-06,-300.435638427734,-1.36783516407013
2.91149740405672e-06,-309.3818359375,1.38484251499176
-2.91088690573815e-06,-309.3818359375,-1.3848329782486
2.87132729681616e-06,-318.437713623047,1.40159118175507
-2.87303396362404e-06,-318.437713623047,-1.40158152580261
2.78934521702467e-06,-327.601623535156,1.41808128356934
-2.79372898148722e-06,-327.601623535156,-1.4180713891983
2.72203169515706e-06,-336.871826171875,1.43430292606354
-2.72893544206454e-06,-336.871826171875,-1.43429291248322
2.60688671005482e-06,-346.24658203125,1.45024609565735
-2.6167479063588e-06,-346.24658203125,-1.45023584365845
2.50661105383188e-06,-355.724029541016,1.46590030193329
-2.51920778282511e-06,-355.724029541016,-1.4658899307251
2.35173183682491e-06,-365.30224609375,1.48125469684601
-2.36759433391853e-06,-365.30224609375,-1.48124408721924
2.21159530156001e-06,-374.979248046875,1.49629783630371
-2.23042229663406e-06,-374.979248046875,-1.49628698825836
2.00934891836368e-06,-384.752990722656,1.51101815700531
-2.03177910407248e-06,-384.752990722656,-1.51100718975067
1.82127757852868e-06,-394.621337890625,1.52540361881256
-1.84691475624277e-06,-394.621337890625,-1.52539241313934
1.56267128659238e-06,-404.58203125,1.53944146633148
-1.59228341090056e-06,-404.58203125,-1.53943002223969
1.31713966311509e-06,-414.6328125,1.55311870574951
-1.35021605274233e-06,-414.6328125,-1.55310714244843
9.91842853181879e-07,-424.771301269531,1.56642198562622
-1.02930448520056e-06,-424.771301269531,-1.56641018390656
6.77828438711003e-07,-434.994964599609,1.57933712005615
-7.19020192718745e-07,-434.994964599609,-1.57932507991791
2.73741136425087e-07,-445.301300048828,1.59184956550598
-3.19763330480782e-07,-445.301300048828,-1.59183740615845
-1.21818587217604e-07,-455.687591552734,1.60394430160522
7.17898274160689e-08,-455.687591552734,-1.6039320230484
-6.18767103333084e-07,-466.151092529297,1.61560583114624
5.63408548259758e-07,-466.151092529297,-1.61559319496155
-1.11074530195765e-06,-476.688934326172,1.62681782245636
1.05109540982085e-06,-476.688934326172,-1.62680506706238
-1.71680028415722e-06,-487.298126220703,1.63756334781647
1.65126857609721e-06,-487.298126220703,-1.63755035400391
-2.32249271903129e-06,-497.9755859375,1.64782524108887
2.25237749873486e-06,-497.9755859375,-1.64781212806702
-3.05630987895711e-06,-508.718139648438,1.65758526325226
2.97969813800592e-06,-508.718139648438,-1.65757191181183
-3.79555558538414e-06,-519.522399902344,1.66682481765747
3.71406645172101e-06,-519.522399902344,-1.66681110858917
-4.6787254177616e-06,-530.385009765625,1.67552423477173
4.5900583245384e-06,-530.385009765625,-1.67551028728485
-5.57376733922865e-06,-541.302307128906,1.68366348743439
5.47990975974244e-06,-541.302307128906,-1.68364942073822
-6.63100763631519e-06,-552.270629882813,1.69122159481049
6.52924290989176e-06,-552.270629882813,-1.69120728969574
-7.70585302234394e-06,-563.2861328125,1.69817709922791
7.59861950427876e-06,-563.2861328125,-1.69816255569458
-8.9654768089531e-06,-574.344848632813,1.70450723171234
8.84977544046706e-06,-574.344848632813,-1.70449244976044
-1.02445437732968e-05,-585.442565917969,1.71018898487091
1.01233163150027e-05,-585.442565917969,-1.71017384529114
-1.17395229608519e-05,-596.575012207031,1.71519768238068
1.16093669930706e-05,-596.575012207031,-1.71518230438232
-1.32453815240297e-05,-607.737731933594,1.71950888633728
1.31079677885282e-05,-607.737731933594,-1.71949326992035
-1.5018304111436e-05,-618.926147460938,1.72309577465057
1.48625886140508e-05,-618.926147460938,-1.72307991981506
-1.67718480952317e-05,-630.135437011719,1.72593235969543
1.65918518177932e-05,-630.135437011719,-1.72591626644135
-1.88919802894816e-05,-641.360656738281,1.72798943519592
1.8652714061318e-05,-641.360656738281,-1.72797310352325
-2.08431811188348e-05,-652.596618652344,1.72923910617828
2.05993419513106e-05,-652.596618652344,-1.72922241687775
-2.01028742594644e-05,-663.838012695313,1.72967541217804
2.00485665118322e-05,-663.838012695313,-1.72965884208679
1.5434629961275e-39,5.60732383096504e-40,7.94655346367872e-36
1.5251942680481e-39,1.42816135588592e-39,-7.93185978429344e-36
1.40790149316672e-07,-0.0734161511063576,0.0225896593183279
-6.38091748328407e-08,-0.0734161362051964,-0.022589510306716
2.49955917297484e-07,-0.293657720088959,0.0451771765947342
-1.68616423934509e-07,-0.293657720088959,-0.0451769158244133
3.46413202123586e-07,-0.660704016685486,0.0677604675292969
-2.54848032454902e-07,-0.660704016685486,-0.0677600800991058
4.35644523122392e-07,-1.17452335357666,0.0903382524847984
-3.53075449766038e-07,-1.17452335357666,-0.0903377383947372
5.22428990734625e-07,-1.83507394790649,0.112908646464348
-4.34496882917301e-07,-1.83507394790649,-0.112908005714417
6.01868578087306e-07,-2.64230298995972,0.135470181703568
-5.22766868016333e-07,-2.64230298995972,-0.135469406843185
6.82606071222835e-07,-3.59614682197571,0.158021077513695
-5.97874418417632e-07,-3.59614682197571,-0.158020168542862
7.55315284095559e-07,-4.69653129577637,0.180559754371643
-6.7796582925439e-07,-4.69653129577637,-0.180558711290359
8.30475926250074e-07,-5.94337129592896,0.203084453940392
-7.48474519696174e-07,-5.94337129592896,-0.203083291649818
8.98116013559047e-07,-7.33657073974609,0.225593537092209
-8.22319009330386e-07,-7.33657073974609,-0.225592225790024
9.68682229540718e-07,-8.87602233886719,0.248085215687752
-8.89299485606898e-07,-8.87602233886719,-0.248083770275116
1.03253410088655e-06,-10.5616073608398,0.270557790994644
-9.58402438300254e-07,-10.5616073608398,-0.270556211471558
1.09955067273404e-06,-12.3931951522827,0.293009430170059
-1.02270678326022e-06,-12.3931951522827,-0.293007731437683
1.16064381927572e-06,-14.3706455230713,0.315438389778137
-1.08827975964232e-06,-14.3706455230713,-0.315436542034149
1.22504354749253e-06,-16.493803024292,0.33784282207489
-1.15068223749404e-06,-16.493803024292,-0.337840855121613
1.28421356748731e-06,-18.7625026702881,0.360220819711685
-1.21371226668998e-06,-18.7625026702881,-0.360218733549118
1.34681317831564e-06,-21.1765689849854,0.382570534944534
-1.27490784507245e-06,-21.1765689849854,-0.382568299770355
1.40475231091841e-06,-23.7358074188232,0.404890030622482
-1.3362127901928e-06,-23.7358074188232,-0.404887646436691
1.4662620060335e-06,-26.4400177001953,0.427177280187607
-1.39681469590869e-06,-26.4400177001953,-0.427174746990204
1.52354402871424e-06,-29.2889842987061,0.449430286884308
-1.45707213050628e-06,-29.2889842987061,-0.449427634477615
1.58457453380834e-06,-32.2824783325195,0.471646964550018
-1.51761344113766e-06,-32.2824783325195,-0.471644192934036
1.6416776134065e-06,-35.4202537536621,0.493825256824493
-1.57738941197749e-06,-35.4202537536621,-0.493822336196899
1.70275916389073e-06,-38.7020530700684,0.515962898731232
-1.63833965416416e-06,-38.7020530700684,-0.515959858894348
1.76005278262892e-06,-42.127613067627,0.538057744503021
-1.69807708516601e-06,-42.127613067627,-0.538054585456848
1.82162455075741e-06,-45.6966361999512,0.560107529163361
-1.75982575001399e-06,-45.6966361999512,-0.560104191303253
1.8794148672896e-06,-49.4088325500488,0.582109868526459
-1.81989321390574e-06,-49.4088325500488,-0.582106351852417
1.94182757695671e-06,-53.2638816833496,0.60406231880188
-1.88275419077399e-06,-53.2638816833496,-0.604058742523193
2.00032809516415e-06,-57.2614517211914,0.625962495803833
-1.94341669157438e-06,-57.2614517211914,-0.625958740711212
2.06387699108745e-06,-61.4011917114258,0.647807836532593
-2.00765862246044e-06,-61.4011917114258,-0.647803962230682
2.12322174775181e-06,-65.6827392578125,0.669595718383789
-2.06909726330196e-06,-65.6827392578125,-0.669591665267944
2.18810100705014e-06,-70.105712890625,0.691323399543762
-2.13489215639129e-06,-70.105712890625,-0.691319227218628
2.24834116124839e-06,-74.6697158813477,0.712988197803497
-2.19719640881522e-06,-74.6697158813477,-0.712983906269073
2.31467174671707e-06,-79.3743209838867,0.734587252140045
-2.26465431296674e-06,-79.3743209838867,-0.734582781791687
2.37572612604708e-06,-84.2190933227539,0.756117582321167
-2.32777824749064e-06,-84.2190933227539,-0.756112992763519
2.44356237999455e-06,-89.2035827636719,0.777576148509979
-2.39694304582372e-06,-89.2035827636719,-0.777571439743042
2.50532571044459e-06,-94.3273086547852,0.798959851264954
-2.46081185650837e-06,-94.3273086547852,-0.798954963684082
2.57463352681953e-06,-99.5897750854492,0.820265471935272
-2.53164785135596e-06,-99.5897750854492,-0.820260405540466
2.63681044998521e-06,-104.990463256836,0.841489613056183
-2.59599755736417e-06,-104.990463256836,-0.841484487056732
2.70741566055221e-06,-110.528831481934,0.862628936767578
-2.66832830675412e-06,-110.528831481934,-0.862623631954193
2.76967534773576e-06,-116.204322814941,0.883679807186127
-2.73285172625037e-06,-116.204322814941,-0.883674323558807
2.84133307104639e-06,-122.016334533691,0.904638528823853
-2.8064382604498e-06,-122.016334533691,-0.904632925987244
2.90312095785339e-06,-127.96427154541,0.92550140619278
-2.87060629489133e-06,-127.96427154541,-0.925495684146881
2.97549672723108e-06,-134.047500610352,0.946264445781708
-2.94511937681818e-06,-134.047500610352,-0.946258544921875
3.03616616292857e-06,-140.265335083008,0.966923594474792
-3.00830879496061e-06,-140.265335083008,-0.96691757440567
3.10874725073518e-06,-146.617111206055,0.987474679946899
-3.08324638353952e-06,-146.617111206055,-0.987468481063843
3.16742648465151e-06,-153.102096557617,1.00791335105896
-3.14460771733138e-06,-153.102096557617,-1.00790703296661
3.23956851389084e-06,-159.71955871582,1.02823507785797
-3.21933862323931e-06,-159.71955871582,-1.02822864055634
3.29515683006321e-06,-166.468719482422,1.04843533039093
-3.27779457620636e-06,-166.468719482422,-1.04842865467072
3.36603829964588e-06,-173.348770141602,1.06850922107697
-3.35151185026916e-06,-173.348770141602,-1.06850242614746
3.41718828167359e-06,-180.358871459961,1.08845174312592
-3.40574001711502e-06,-180.358871459961,-1.08844470977783
3.48573098563065e-06,-187.498153686523,1.10825777053833
-3.47738091477368e-06,-187.498153686523,-1.10825061798096
3.53080918102933e-06,-194.765716552734,1.12792193889618
-3.5257705803815e-06,-194.765716552734,-1.12791466712952
3.59577757080842e-06,-202.160614013672,1.14743876457214
-3.59411842509871e-06,-202.160614013672,-1.14743137359619
3.63283197657438e-06,-209.681869506836,1.16680252552032
-3.63474055120605e-06,-209.681869506836,-1.16679501533508
3.69264512301015e-06,-217.328475952148,1.18600738048553
-3.69823783330503e-06,-217.328475952148,-1.18599963188171
3.71927080777823e-06,-225.099380493164,1.20504701137543
-3.72871318177204e-06,-225.099380493164,-1.20503914356232
3.77207970814197e-06,-232.99348449707,1.22391521930695
-3.78553363589162e-06,-232.99348449707,-1.22390723228455
3.78543995793734e-06,-241.009643554688,1.24260532855988
-3.80304982172674e-06,-241.009643554688,-1.2425971031189
3.82899588657892e-06,-249.146697998047,1.26111054420471
-3.85097109756316e-06,-249.146697998047,-1.26110219955444
3.825673047686e-06,-257.403411865234,1.27942383289337
-3.85213752451818e-06,-257.403411865234,-1.27941524982452
3.85727298635175e-06,-265.778503417969,1.2975378036499
-3.88849093724275e-06,-265.778503417969,-1.29752910137177
3.83316091756569e-06,-274.270660400391,1.31544482707977
-3.86922829420655e-06,-274.270660400391,-1.31543600559235
3.84971463063266e-06,-282.878540039063,1.33313715457916
-3.89095202990575e-06,-282.878540039063,-1.33312809467316
3.80004689759517e-06,-291.600677490234,1.35060656070709
-3.84652321372414e-06,-291.600677490234,-1.3505973815918
3.79779021386639e-06,-300.435607910156,1.367844581604
-3.84989152735216e-06,-300.435607910156,-1.36783528327942
3.71681289834669e-06,-309.381805419922,1.38484251499176
-3.77457422473526e-06,-309.381805419922,-1.3848329782486
3.69134477296029e-06,-318.437683105469,1.40159130096436
-3.75522222384461e-06,-318.437683105469,-1.40158152580261
3.57225167135766e-06,-327.601593017578,1.41808140277863
-3.6422409266379e-06,-327.601593017578,-1.41807150840759
3.51840981238638e-06,-336.871826171875,1.43430304527283
-3.595049975047e-06,-336.871826171875,-1.4342930316925
3.35323079525551e-06,-346.246551513672,1.45024621486664
-3.43646502187767e-06,-346.246551513672,-1.45023596286774
3.26504914482939e-06,-355.723999023438,1.46590042114258
-3.35551817443047e-06,-355.723999023438,-1.46589004993439
3.04426885122666e-06,-365.302215576172,1.4812548160553
-3.14185240313236e-06,-365.302215576172,-1.48124420642853
2.91468199975498e-06,-374.979248046875,1.49629807472229
-3.02013154396263e-06,-374.979248046875,-1.49628722667694
2.62707135334495e-06,-384.752990722656,1.51101839542389
-2.74018952950428e-06,-384.752990722656,-1.51100742816925
2.44790430770081e-06,-394.621307373047,1.52540385723114
-2.56957787314605e-06,-394.621307373047,-1.52539265155792
2.08022333936242e-06,-404.58203125,1.53944170475006
-2.21015716306283e-06,-404.58203125,-1.53943037986755
1.84203372555203e-06,-414.6328125,1.55311906337738
-1.98127531803038e-06,-414.6328125,-1.55310750007629
1.37850292958319e-06,-424.771301269531,1.5664222240448
-1.52664256347634e-06,-424.771301269531,-1.56641054153442
1.07012817807117e-06,-434.994964599609,1.57933747768402
-1.22838605420839e-06,-434.994964599609,-1.57932543754578
4.92213644065487e-07,-445.301300048828,1.59184992313385
-6.60030877952522e-07,-445.301300048828,-1.59183776378632
1.00821836213072e-07,-455.687591552734,1.60394477844238
-2.79647849765752e-07,-455.687591552734,-1.60393238067627
-6.13778695424116e-07,-466.151092529297,1.6156063079834
4.24677665478157e-07,-466.151092529297,-1.615593791008
-1.10327835045609e-06,-476.688934326172,1.62681829929352
9.02201691133087e-07,-476.688934326172,-1.62680554389954
-1.98111365534714e-06,-487.298126220703,1.6375640630722
1.76901505710703e-06,-487.298126220703,-1.63755106925964
-2.58621844295703e-06,-497.975616455078,1.6478259563446
2.36106961892801e-06,-497.975616455078,-1.64781272411346
-3.65986352335312e-06,-508.718139648438,1.65758609771729
3.4229130960739e-06,-508.718139648438,-1.65757262706757
-4.40123449152452e-06,-519.5224609375,1.66682553291321
4.15005024478887e-06,-519.5224609375,-1.6668119430542
-5.71092505197157e-06,-530.385009765625,1.67552518844604
5.4471329349326e-06,-530.385009765625,-1.67551136016846
-6.61299918647273e-06,-541.302368164063,1.6836644411087
6.33366198599106e-06,-541.302368164063,-1.68365025520325
-8.20906370790908e-06,-552.270690917969,1.69122290611267
7.91628008300904e-06,-552.270690917969,-1.69120860099792
-9.30232727114344e-06,-563.286193847656,1.69817817211151
8.99270162335597e-06,-563.286193847656,-1.69816362857819
-1.12494972199784e-05,-574.344909667969,1.70450878143311
1.09254679045989e-05,-574.344909667969,-1.7044939994812
-1.25711358123226e-05,-585.442626953125,1.71019005775452
1.22299907161505e-05,-585.442626953125,-1.71017503738403
-1.49590987348347e-05,-596.575073242188,1.7151997089386
1.46004549606005e-05,-596.575073242188,-1.71518433094025
-1.65596920851385e-05,-607.737854003906,1.71951007843018
1.61841871886281e-05,-607.737854003906,-1.71949458122253
-1.95155043911655e-05,-618.92626953125,1.72309839725494
1.91097478818847e-05,-618.92626953125,-1.72308266162872
-2.14793835766613e-05,-630.135559082031,1.72593355178833
2.10281632462284e-05,-630.135559082031,-1.72591745853424
-2.51605943049071e-05,-641.360778808594,1.7279931306839
2.46941945079016e-05,-641.360778808594,-1.72797679901123
-2.76646242127754e-05,-652.596740722656,1.7292400598526
2.70478813035879e-05,-652.596740722656,-1.72922325134277
-3.48879657394718e-05,-663.838195800781,1.7296804189682
3.47052919096313e-05,-663.838195800781,-1.72966313362122
